AL_cycle,n,FWHM_RMSE_nm,FWHM_MAE_nm,PLQY_RMSE_percentage_points,PLQY_MAE_percentage_points,mean_acquisition_value,mean_experimental_FWHM_nm,mean_experimental_PLQY_percent
1,4,12.196785617363606,11.731982860809243,2.98056381442231,2.403231723816045,0.8012258290233949,58.5,18.92
2,4,17.616806870569626,17.517436185961444,3.4275848374098845,2.7603357513122617,0.8289554856996242,47.5,23.044999999999998
3,4,10.958616056119844,10.208740153114498,2.3952454039346858,2.247373297475775,0.8336312739200129,45.25,23.512500000000003
4,4,11.048034590146688,8.084369027223383,10.887955760657844,7.8299803565088295,0.8723094610127489,38.75,26.595000000000002
5,4,17.707169315940476,14.786538017865626,7.794365661087392,6.371488491650663,0.8667847130700397,43.5,26.3025
All AL cycles,20,14.246456703789796,12.465813248994838,6.413563997019702,4.322481924152714,0.8405813525451642,46.7,23.675
